192.168.1.102	www.bbc.co.uk
192.168.1.102	www.bbc.co.uk
192.168.1.102	www.bbc.co.uk
192.168.1.102	www.bbc.co.uk
192.168.1.102	paaagf3i.maliciousdns.com
192.168.1.102	www.bbc.co.uk
192.168.1.102	www.bbc.co.uk
192.168.1.102	www.bbc.co.uk
192.168.1.102	www.bbc.co.uk
192.168.1.102	www.bbc.co.uk
192.168.1.102	www.bbc.co.uk
192.168.1.102	www.bbc.co.uk
192.168.1.102	www.bbc.co.uk
192.168.1.102	www.bbc.co.uk
192.168.1.102	www.bbc.co.uk
192.168.1.102	www.bbc.co.uk
192.168.1.102	www.bbc.co.uk
192.168.1.102	www.bbc.co.uk
192.168.1.102	www.bbc.co.uk
192.168.1.100	incoming.telemetry.mozilla.org
192.168.1.100	incoming.telemetry.mozilla.org
192.168.1.102	www.bbc.co.uk
192.168.1.102	www.bbc.co.uk
192.168.1.100	incoming.telemetry.mozilla.org.localdomain
192.168.1.100	incoming.telemetry.mozilla.org.localdomain
192.168.1.100	incoming.telemetry.mozilla.org
192.168.1.100	incoming.telemetry.mozilla.org
192.168.1.100	incoming.telemetry.mozilla.org.localdomain
192.168.1.100	incoming.telemetry.mozilla.org.localdomain
192.168.1.100	incoming.telemetry.mozilla.org
192.168.1.100	incoming.telemetry.mozilla.org
192.168.1.100	incoming.telemetry.mozilla.org.localdomain
192.168.1.100	incoming.telemetry.mozilla.org.localdomain
192.168.1.100	incoming.telemetry.mozilla.org
192.168.1.100	incoming.telemetry.mozilla.org
192.168.1.100	incoming.telemetry.mozilla.org.localdomain
192.168.1.100	incoming.telemetry.mozilla.org.localdomain
192.168.1.102	www.bbc.co.uk
192.168.1.102	www.bbc.co.uk
192.168.1.102	www.bbc.co.uk
192.168.1.102	www.bbc.co.uk
192.168.1.102	www.bbc.co.uk
192.168.1.102	www.bbc.co.uk
192.168.1.102	www.bbc.co.uk
192.168.1.102	www.bbc.co.uk
192.168.1.102	www.bbc.co.uk
192.168.1.102	www.bbc.co.uk
192.168.1.102	www.bbc.co.uk
192.168.1.102	www.bbc.co.uk
192.168.1.102	www.bbc.co.uk
192.168.1.102	www.bbc.co.uk
192.168.1.102	www.bbc.co.uk
192.168.1.102	www.bbc.co.uk
192.168.1.102	www.bbc.co.uk
192.168.1.102	www.bbc.co.uk
192.168.1.102	www.bbc.co.uk
192.168.1.102	www.bbc.co.uk
192.168.1.102	www.bbc.co.uk
192.168.1.102	www.bbc.co.uk
192.168.1.102	www.bbc.co.uk
192.168.1.102	www.bbc.co.uk
192.168.1.102	www.bbc.co.uk
192.168.1.102	www.bbc.co.uk
192.168.1.102	www.bbc.co.uk
192.168.1.102	www.bbc.co.uk
192.168.1.102	www.bbc.co.uk
192.168.1.102	www.bbc.co.uk
192.168.1.102	www.bbc.co.uk
192.168.1.102	www.bbc.co.uk
192.168.1.102	www.bbc.co.uk
192.168.1.102	www.bbc.co.uk
192.168.1.102	www.bbc.co.uk
192.168.1.102	www.bbc.co.uk
192.168.1.108	www.thedarkweblinks.com
192.168.1.108	www.thedarkweblinks.com
192.168.1.102	www.bbc.co.uk
192.168.1.102	www.bbc.co.uk
192.168.1.102	www.bbc.co.uk
192.168.1.102	www.bbc.co.uk
192.168.1.102	paaagf3q.maliciousdns.com
192.168.1.102	www.bbc.co.uk
192.168.1.102	www.bbc.co.uk
192.168.1.102	www.bbc.co.uk
192.168.1.102	www.bbc.co.uk
192.168.1.102	www.bbc.co.uk
192.168.1.102	www.bbc.co.uk
192.168.1.102	www.bbc.co.uk
192.168.1.102	www.bbc.co.uk
192.168.1.102	www.bbc.co.uk
192.168.1.102	www.bbc.co.uk
192.168.1.102	www.bbc.co.uk
192.168.1.102	www.bbc.co.uk
192.168.1.102	www.bbc.co.uk
192.168.1.102	www.bbc.co.uk
192.168.1.102	www.bbc.co.uk
192.168.1.102	www.bbc.co.uk
192.168.1.102	www.bbc.co.uk
192.168.1.102	www.bbc.co.uk
192.168.1.102	www.bbc.co.uk
192.168.1.102	www.bbc.co.uk
192.168.1.108	www.theverge.com
192.168.1.108	www.theverge.com
192.168.1.102	www.bbc.co.uk
192.168.1.102	www.bbc.co.uk
192.168.1.102	www.bbc.co.uk
192.168.1.102	www.bbc.co.uk
192.168.1.107	www.nuadverteren.nl
192.168.1.107	www.nuadverteren.nl
192.168.1.102	www.bbc.co.uk
192.168.1.102	www.bbc.co.uk
192.168.1.102	www.bbc.co.uk
192.168.1.102	www.bbc.co.uk
192.168.1.102	www.bbc.co.uk
192.168.1.102	www.bbc.co.uk
192.168.1.102	www.bbc.co.uk
192.168.1.102	www.bbc.co.uk
192.168.1.100	mozilla.org
192.168.1.100	mozilla.org
192.168.1.100	mozilla.org
192.168.1.100	mozilla.org
192.168.1.102	www.bbc.co.uk
192.168.1.102	www.bbc.co.uk
192.168.1.102	www.bbc.co.uk
192.168.1.102	www.bbc.co.uk
192.168.1.102	www.bbc.co.uk
192.168.1.102	www.bbc.co.uk
192.168.1.102	www.bbc.co.uk
192.168.1.102	www.bbc.co.uk
192.168.1.102	www.bbc.co.uk
192.168.1.102	www.bbc.co.uk
192.168.1.102	www.bbc.co.uk
192.168.1.102	www.bbc.co.uk
192.168.1.102	www.bbc.co.uk
192.168.1.102	www.bbc.co.uk
192.168.1.102	www.bbc.co.uk
192.168.1.102	www.bbc.co.uk
192.168.1.102	www.bbc.co.uk
192.168.1.102	www.bbc.co.uk
192.168.1.102	www.bbc.co.uk
192.168.1.102	www.bbc.co.uk
192.168.1.102	paaagf3y.maliciousdns.com
192.168.1.102	www.bbc.co.uk
192.168.1.102	www.bbc.co.uk
192.168.1.102	www.bbc.co.uk
192.168.1.102	www.bbc.co.uk
192.168.1.102	www.bbc.co.uk
192.168.1.102	www.bbc.co.uk
192.168.1.102	www.bbc.co.uk
192.168.1.102	www.bbc.co.uk
192.168.1.102	www.bbc.co.uk
192.168.1.102	www.bbc.co.uk
192.168.1.102	www.bbc.co.uk
192.168.1.102	www.bbc.co.uk
192.168.1.102	www.bbc.co.uk
192.168.1.102	www.bbc.co.uk
192.168.1.102	www.bbc.co.uk
192.168.1.102	www.bbc.co.uk
192.168.1.102	www.bbc.co.uk
192.168.1.102	www.bbc.co.uk
192.168.1.102	www.bbc.co.uk
192.168.1.102	www.bbc.co.uk
192.168.1.102	www.bbc.co.uk
192.168.1.102	www.bbc.co.uk
192.168.1.102	www.bbc.co.uk
192.168.1.102	www.bbc.co.uk
192.168.1.102	www.bbc.co.uk
192.168.1.102	www.bbc.co.uk
192.168.1.108	www.theguardian.com
192.168.1.108	www.theguardian.com
192.168.1.102	www.bbc.co.uk
192.168.1.102	www.bbc.co.uk
192.168.1.102	www.bbc.co.uk
192.168.1.102	www.bbc.co.uk
192.168.1.102	www.bbc.co.uk
192.168.1.102	www.bbc.co.uk
192.168.1.102	www.bbc.co.uk
192.168.1.102	www.bbc.co.uk
192.168.1.102	www.bbc.co.uk
192.168.1.102	www.bbc.co.uk
192.168.1.102	www.bbc.co.uk
192.168.1.102	www.bbc.co.uk
192.168.1.102	www.bbc.co.uk
192.168.1.102	www.bbc.co.uk
192.168.1.108	arstechnica.com
192.168.1.108	arstechnica.com
192.168.1.102	www.bbc.co.uk
192.168.1.102	www.bbc.co.uk
192.168.1.102	www.bbc.co.uk
192.168.1.102	www.bbc.co.uk
192.168.1.102	www.bbc.co.uk
192.168.1.102	www.bbc.co.uk
192.168.1.102	www.bbc.co.uk
192.168.1.102	www.bbc.co.uk
192.168.1.102	www.bbc.co.uk
192.168.1.102	www.bbc.co.uk
192.168.1.102	www.bbc.co.uk
192.168.1.102	www.bbc.co.uk
192.168.1.102	paaagf4a.maliciousdns.com
192.168.1.102	www.bbc.co.uk
192.168.1.102	www.bbc.co.uk
192.168.1.102	www.bbc.co.uk
192.168.1.102	www.bbc.co.uk
192.168.1.102	www.bbc.co.uk
192.168.1.102	www.bbc.co.uk
192.168.1.102	www.bbc.co.uk
192.168.1.102	www.bbc.co.uk
192.168.1.102	www.bbc.co.uk
192.168.1.102	www.bbc.co.uk
192.168.1.102	www.bbc.co.uk
192.168.1.102	www.bbc.co.uk
192.168.1.102	www.bbc.co.uk
192.168.1.102	www.bbc.co.uk
192.168.1.102	www.bbc.co.uk
192.168.1.102	www.bbc.co.uk
192.168.1.107	www.nu.nl
192.168.1.107	www.nu.nl
192.168.1.102	www.bbc.co.uk
192.168.1.102	www.bbc.co.uk
192.168.1.102	www.bbc.co.uk
192.168.1.102	www.bbc.co.uk
192.168.1.102	www.bbc.co.uk
192.168.1.102	www.bbc.co.uk
192.168.1.107	www.theguardian.com
192.168.1.107	www.theguardian.com
192.168.1.102	www.bbc.co.uk
192.168.1.102	www.bbc.co.uk
192.168.1.102	www.bbc.co.uk
192.168.1.102	www.bbc.co.uk
192.168.1.107	gdb.polygraph.info
192.168.1.107	gdb.polygraph.info
192.168.1.102	www.bbc.co.uk
192.168.1.102	www.bbc.co.uk
192.168.1.102	www.bbc.co.uk
192.168.1.102	www.bbc.co.uk
192.168.1.107	www.polygraph.info
192.168.1.107	www.polygraph.info
192.168.1.102	www.bbc.co.uk
192.168.1.102	www.bbc.co.uk
192.168.1.102	www.bbc.co.uk
192.168.1.102	www.bbc.co.uk
192.168.1.102	www.bbc.co.uk
192.168.1.102	www.bbc.co.uk
192.168.1.102	www.bbc.co.uk
192.168.1.102	www.bbc.co.uk
192.168.1.102	www.bbc.co.uk
192.168.1.102	www.bbc.co.uk
192.168.1.102	www.bbc.co.uk
192.168.1.102	www.bbc.co.uk
192.168.1.107	www.macrumors.com
192.168.1.107	www.macrumors.com
192.168.1.102	www.bbc.co.uk
192.168.1.102	www.bbc.co.uk
192.168.1.102	www.bbc.co.uk
192.168.1.102	www.bbc.co.uk
192.168.1.102	www.bbc.co.uk
192.168.1.102	www.bbc.co.uk
192.168.1.102	www.bbc.co.uk
192.168.1.102	www.bbc.co.uk
192.168.1.102	www.bbc.co.uk
192.168.1.102	www.bbc.co.uk
192.168.1.102	www.bbc.co.uk
192.168.1.102	www.bbc.co.uk
192.168.1.102	www.bbc.co.uk
192.168.1.102	www.bbc.co.uk
192.168.1.102	paaagf4i.maliciousdns.com
192.168.1.102	www.bbc.co.uk
192.168.1.102	www.bbc.co.uk
192.168.1.102	www.bbc.co.uk
192.168.1.102	www.bbc.co.uk
192.168.1.102	www.bbc.co.uk
192.168.1.102	www.bbc.co.uk
192.168.1.102	www.bbc.co.uk
192.168.1.102	www.bbc.co.uk
192.168.1.102	www.bbc.co.uk
192.168.1.102	www.bbc.co.uk
192.168.1.102	www.bbc.co.uk
192.168.1.102	www.bbc.co.uk
192.168.1.102	www.bbc.co.uk
192.168.1.102	www.bbc.co.uk
192.168.1.102	www.bbc.co.uk
192.168.1.102	www.bbc.co.uk
192.168.1.102	www.bbc.co.uk
192.168.1.102	www.bbc.co.uk
192.168.1.102	www.bbc.co.uk
192.168.1.102	www.bbc.co.uk
192.168.1.102	www.bbc.co.uk
192.168.1.102	www.bbc.co.uk
192.168.1.102	www.bbc.co.uk
192.168.1.102	www.bbc.co.uk
192.168.1.102	www.bbc.co.uk
192.168.1.102	www.bbc.co.uk
192.168.1.102	www.bbc.co.uk
192.168.1.102	www.bbc.co.uk
192.168.1.102	www.bbc.co.uk
192.168.1.102	www.bbc.co.uk
192.168.1.107	www.theverge.com
192.168.1.107	www.theverge.com
192.168.1.102	www.bbc.co.uk
192.168.1.102	www.bbc.co.uk
192.168.1.102	www.bbc.co.uk
192.168.1.102	www.bbc.co.uk
192.168.1.102	www.bbc.co.uk
192.168.1.102	www.bbc.co.uk
192.168.1.102	www.bbc.co.uk
192.168.1.102	www.bbc.co.uk
192.168.1.102	www.bbc.co.uk
192.168.1.102	www.bbc.co.uk
192.168.1.102	www.bbc.co.uk
192.168.1.102	www.bbc.co.uk
192.168.1.102	www.bbc.co.uk
192.168.1.102	www.bbc.co.uk
192.168.1.102	www.bbc.co.uk
192.168.1.102	www.bbc.co.uk
192.168.1.102	www.bbc.co.uk
192.168.1.102	www.bbc.co.uk
192.168.1.102	www.bbc.co.uk
192.168.1.102	www.bbc.co.uk
192.168.1.102	www.bbc.co.uk
192.168.1.102	www.bbc.co.uk
192.168.1.102	www.bbc.co.uk
192.168.1.102	www.bbc.co.uk
192.168.1.102	www.bbc.co.uk
192.168.1.102	www.bbc.co.uk
192.168.1.102	www.bbc.co.uk
192.168.1.102	www.bbc.co.uk
192.168.1.102	www.bbc.co.uk
192.168.1.102	www.bbc.co.uk
192.168.1.102	paaagf4q.maliciousdns.com
192.168.1.102	www.bbc.co.uk
192.168.1.102	www.bbc.co.uk
192.168.1.102	www.bbc.co.uk
192.168.1.102	www.bbc.co.uk
192.168.1.102	www.bbc.co.uk
192.168.1.102	www.bbc.co.uk
192.168.1.102	www.bbc.co.uk
192.168.1.102	www.bbc.co.uk
192.168.1.102	www.bbc.co.uk
192.168.1.102	www.bbc.co.uk
192.168.1.102	www.bbc.co.uk
192.168.1.102	www.bbc.co.uk
192.168.1.102	www.bbc.co.uk
192.168.1.102	www.bbc.co.uk
192.168.1.102	www.bbc.co.uk
192.168.1.102	www.bbc.co.uk
192.168.1.102	www.bbc.co.uk
192.168.1.102	www.bbc.co.uk
192.168.1.102	www.bbc.co.uk
192.168.1.102	www.bbc.co.uk
192.168.1.102	www.bbc.co.uk
192.168.1.102	www.bbc.co.uk
192.168.1.102	www.bbc.co.uk
192.168.1.102	www.bbc.co.uk
192.168.1.102	www.bbc.co.uk
192.168.1.102	www.bbc.co.uk
192.168.1.102	www.bbc.co.uk
192.168.1.102	www.bbc.co.uk
192.168.1.107	www.theguardian.com
192.168.1.107	www.theguardian.com
192.168.1.102	www.bbc.co.uk
192.168.1.107	www.theguardian.com
192.168.1.102	www.bbc.co.uk
192.168.1.107	www.theguardian.com
192.168.1.102	www.bbc.co.uk
192.168.1.102	www.bbc.co.uk
192.168.1.102	www.bbc.co.uk
192.168.1.102	www.bbc.co.uk
192.168.1.102	www.bbc.co.uk
192.168.1.102	www.bbc.co.uk
192.168.1.108	hollywoodlife.com
192.168.1.108	hollywoodlife.com
192.168.1.102	www.bbc.co.uk
192.168.1.102	www.bbc.co.uk
192.168.1.102	www.bbc.co.uk
192.168.1.102	www.bbc.co.uk
192.168.1.102	www.bbc.co.uk
192.168.1.102	www.bbc.co.uk
192.168.1.102	www.bbc.co.uk
192.168.1.102	www.bbc.co.uk
192.168.1.102	www.bbc.co.uk
192.168.1.102	www.bbc.co.uk
192.168.1.102	www.bbc.co.uk
192.168.1.102	www.bbc.co.uk
192.168.1.102	www.bbc.co.uk
192.168.1.102	www.bbc.co.uk
192.168.1.102	www.bbc.co.uk
192.168.1.102	www.bbc.co.uk
192.168.1.102	www.bbc.co.uk
192.168.1.102	www.bbc.co.uk
192.168.1.102	www.bbc.co.uk
192.168.1.102	www.bbc.co.uk
192.168.1.108	www.theverge.com
192.168.1.108	www.theverge.com
192.168.1.102	www.bbc.co.uk
192.168.1.102	www.bbc.co.uk
192.168.1.102	paaagf4y.maliciousdns.com
192.168.1.102	www.bbc.co.uk
192.168.1.102	www.bbc.co.uk
192.168.1.102	www.bbc.co.uk
192.168.1.102	www.bbc.co.uk
192.168.1.102	www.bbc.co.uk
192.168.1.102	www.bbc.co.uk
192.168.1.102	www.bbc.co.uk
192.168.1.102	www.bbc.co.uk
192.168.1.102	www.bbc.co.uk
192.168.1.102	www.bbc.co.uk
192.168.1.102	www.bbc.co.uk
192.168.1.102	www.bbc.co.uk
192.168.1.102	www.bbc.co.uk
192.168.1.102	www.bbc.co.uk
192.168.1.102	www.bbc.co.uk
192.168.1.102	www.bbc.co.uk
192.168.1.102	www.bbc.co.uk
192.168.1.102	www.bbc.co.uk
192.168.1.102	www.bbc.co.uk
192.168.1.102	www.bbc.co.uk
192.168.1.102	www.bbc.co.uk
192.168.1.102	www.bbc.co.uk
192.168.1.102	www.bbc.co.uk
192.168.1.102	www.bbc.co.uk
192.168.1.102	www.bbc.co.uk
192.168.1.102	www.bbc.co.uk
192.168.1.102	www.bbc.co.uk
192.168.1.102	www.bbc.co.uk
192.168.1.102	www.bbc.co.uk
192.168.1.102	www.bbc.co.uk
192.168.1.107	adverteren.nu.nl
192.168.1.107	adverteren.nu.nl
192.168.1.102	www.bbc.co.uk
192.168.1.102	www.bbc.co.uk
192.168.1.102	www.bbc.co.uk
192.168.1.102	www.bbc.co.uk
192.168.1.107	www.nu.nl
192.168.1.107	www.nu.nl
192.168.1.102	www.bbc.co.uk
192.168.1.102	www.bbc.co.uk
192.168.1.102	www.bbc.co.uk
192.168.1.102	www.bbc.co.uk
192.168.1.102	www.bbc.co.uk
192.168.1.102	www.bbc.co.uk
192.168.1.102	www.bbc.co.uk
192.168.1.102	www.bbc.co.uk
192.168.1.102	www.bbc.co.uk
192.168.1.102	www.bbc.co.uk
192.168.1.102	www.bbc.co.uk
192.168.1.102	www.bbc.co.uk
192.168.1.102	www.bbc.co.uk
192.168.1.102	www.bbc.co.uk
192.168.1.102	www.bbc.co.uk
192.168.1.102	www.bbc.co.uk
192.168.1.102	www.bbc.co.uk
192.168.1.102	www.bbc.co.uk
192.168.1.102	www.bbc.co.uk
192.168.1.102	www.bbc.co.uk
192.168.1.102	www.bbc.co.uk
192.168.1.102	www.bbc.co.uk
192.168.1.102	www.bbc.co.uk
192.168.1.102	www.bbc.co.uk
192.168.1.102	paaagf5a.maliciousdns.com
192.168.1.108	www.theverge.com
192.168.1.108	www.theverge.com
192.168.1.102	www.bbc.co.uk
192.168.1.102	www.bbc.co.uk
192.168.1.102	www.bbc.co.uk
192.168.1.102	www.bbc.co.uk
192.168.1.102	www.bbc.co.uk
192.168.1.102	www.bbc.co.uk
192.168.1.102	www.bbc.co.uk
192.168.1.102	www.bbc.co.uk
192.168.1.102	www.bbc.co.uk
192.168.1.102	www.bbc.co.uk
192.168.1.102	www.bbc.co.uk
192.168.1.102	www.bbc.co.uk
192.168.1.108	www.makeuseof.com
192.168.1.108	www.makeuseof.com
192.168.1.102	www.bbc.co.uk
192.168.1.102	www.bbc.co.uk
192.168.1.102	www.bbc.co.uk
192.168.1.102	www.bbc.co.uk
192.168.1.107	www.theverge.com
192.168.1.107	www.theverge.com
192.168.1.102	www.bbc.co.uk
192.168.1.102	www.bbc.co.uk
192.168.1.102	www.bbc.co.uk
192.168.1.102	www.bbc.co.uk
192.168.1.108	www.theguardian.com
192.168.1.108	www.theguardian.com
192.168.1.102	www.bbc.co.uk
192.168.1.102	www.bbc.co.uk
192.168.1.102	www.bbc.co.uk
192.168.1.102	www.bbc.co.uk
192.168.1.102	www.bbc.co.uk
192.168.1.102	www.bbc.co.uk
192.168.1.102	www.bbc.co.uk
192.168.1.102	www.bbc.co.uk
192.168.1.102	www.bbc.co.uk
192.168.1.102	www.bbc.co.uk
192.168.1.102	www.bbc.co.uk
192.168.1.102	www.bbc.co.uk
192.168.1.102	www.bbc.co.uk
192.168.1.102	www.bbc.co.uk
192.168.1.102	www.bbc.co.uk
192.168.1.102	www.bbc.co.uk
192.168.1.102	www.bbc.co.uk
192.168.1.102	www.bbc.co.uk
192.168.1.102	www.bbc.co.uk
192.168.1.102	www.bbc.co.uk
192.168.1.102	www.bbc.co.uk
192.168.1.102	www.bbc.co.uk
192.168.1.102	www.bbc.co.uk
192.168.1.102	www.bbc.co.uk
192.168.1.102	www.bbc.co.uk
192.168.1.102	www.bbc.co.uk
192.168.1.102	www.bbc.co.uk
192.168.1.102	www.bbc.co.uk
192.168.1.102	www.bbc.co.uk
192.168.1.102	www.bbc.co.uk
192.168.1.102	www.bbc.co.uk
192.168.1.102	www.bbc.co.uk
192.168.1.102	www.bbc.co.uk
192.168.1.102	www.bbc.co.uk
192.168.1.102	www.bbc.co.uk
192.168.1.102	www.bbc.co.uk
192.168.1.102	paaagf5i.maliciousdns.com
192.168.1.102	www.bbc.co.uk
192.168.1.102	www.bbc.co.uk
192.168.1.102	www.bbc.co.uk
192.168.1.102	www.bbc.co.uk
192.168.1.102	www.bbc.co.uk
192.168.1.102	www.bbc.co.uk
192.168.1.102	www.bbc.co.uk
192.168.1.102	www.bbc.co.uk
192.168.1.102	www.bbc.co.uk
192.168.1.102	www.bbc.co.uk
192.168.1.102	www.bbc.co.uk
192.168.1.102	www.bbc.co.uk
192.168.1.102	www.bbc.co.uk
192.168.1.102	www.bbc.co.uk
192.168.1.102	www.bbc.co.uk
192.168.1.102	www.bbc.co.uk
192.168.1.102	www.bbc.co.uk
192.168.1.102	www.bbc.co.uk
192.168.1.102	www.bbc.co.uk
192.168.1.102	www.bbc.co.uk
192.168.1.102	www.bbc.co.uk
192.168.1.102	www.bbc.co.uk
192.168.1.102	www.bbc.co.uk
192.168.1.102	www.bbc.co.uk
192.168.1.102	www.bbc.co.uk
192.168.1.102	www.bbc.co.uk
192.168.1.102	www.bbc.co.uk
192.168.1.102	www.bbc.co.uk
192.168.1.102	www.bbc.co.uk
192.168.1.102	www.bbc.co.uk
192.168.1.102	www.bbc.co.uk
192.168.1.102	www.bbc.co.uk
192.168.1.102	www.bbc.co.uk
192.168.1.102	www.bbc.co.uk
192.168.1.102	www.bbc.co.uk
192.168.1.102	www.bbc.co.uk
192.168.1.102	www.bbc.co.uk
192.168.1.102	www.bbc.co.uk
192.168.1.102	www.bbc.co.uk
192.168.1.102	www.bbc.co.uk
192.168.1.102	www.bbc.co.uk
192.168.1.102	www.bbc.co.uk
192.168.1.102	www.bbc.co.uk
192.168.1.102	www.bbc.co.uk
192.168.1.102	www.bbc.co.uk
192.168.1.102	www.bbc.co.uk
192.168.1.102	www.bbc.co.uk
192.168.1.102	www.bbc.co.uk
192.168.1.102	www.bbc.co.uk
192.168.1.102	www.bbc.co.uk
192.168.1.102	www.bbc.co.uk
192.168.1.102	www.bbc.co.uk
192.168.1.102	www.bbc.co.uk
192.168.1.102	www.bbc.co.uk
192.168.1.102	paaagf5q.maliciousdns.com
192.168.1.102	www.bbc.co.uk
192.168.1.102	www.bbc.co.uk
192.168.1.102	www.bbc.co.uk
192.168.1.102	www.bbc.co.uk
192.168.1.102	www.bbc.co.uk
192.168.1.102	www.bbc.co.uk
192.168.1.102	www.bbc.co.uk
192.168.1.102	www.bbc.co.uk
192.168.1.102	www.bbc.co.uk
192.168.1.102	www.bbc.co.uk
192.168.1.102	www.bbc.co.uk
192.168.1.102	www.bbc.co.uk
192.168.1.102	www.bbc.co.uk
192.168.1.102	www.bbc.co.uk
192.168.1.102	www.bbc.co.uk
192.168.1.102	www.bbc.co.uk
192.168.1.102	www.bbc.co.uk
192.168.1.102	www.bbc.co.uk
192.168.1.102	www.bbc.co.uk
192.168.1.102	www.bbc.co.uk
192.168.1.102	www.bbc.co.uk
192.168.1.102	www.bbc.co.uk
192.168.1.102	www.bbc.co.uk
192.168.1.102	www.bbc.co.uk
192.168.1.102	www.bbc.co.uk
192.168.1.102	www.bbc.co.uk
192.168.1.102	www.bbc.co.uk
192.168.1.102	www.bbc.co.uk
192.168.1.102	www.bbc.co.uk
192.168.1.102	www.bbc.co.uk
192.168.1.102	www.bbc.co.uk
192.168.1.102	www.bbc.co.uk
192.168.1.102	www.bbc.co.uk
192.168.1.102	www.bbc.co.uk
192.168.1.107	www.nuadverteren.nl
192.168.1.107	www.nuadverteren.nl
192.168.1.102	www.bbc.co.uk
192.168.1.102	www.bbc.co.uk
192.168.1.102	www.bbc.co.uk
192.168.1.102	www.bbc.co.uk
192.168.1.102	www.bbc.co.uk
192.168.1.102	www.bbc.co.uk
192.168.1.102	www.bbc.co.uk
192.168.1.102	www.bbc.co.uk
192.168.1.102	www.bbc.co.uk
192.168.1.102	www.bbc.co.uk
192.168.1.107	www.macrumors.com
192.168.1.107	www.macrumors.com
192.168.1.102	www.bbc.co.uk
192.168.1.102	www.bbc.co.uk
192.168.1.102	www.bbc.co.uk
192.168.1.102	www.bbc.co.uk
192.168.1.102	www.bbc.co.uk
192.168.1.102	www.bbc.co.uk
192.168.1.102	www.bbc.co.uk
192.168.1.102	www.bbc.co.uk
192.168.1.102	www.bbc.co.uk
192.168.1.102	www.bbc.co.uk
192.168.1.102	paaagf5y.maliciousdns.com
192.168.1.102	www.bbc.co.uk
192.168.1.102	www.bbc.co.uk
192.168.1.102	www.bbc.co.uk
192.168.1.102	www.bbc.co.uk
192.168.1.102	www.bbc.co.uk
192.168.1.102	www.bbc.co.uk
192.168.1.102	www.bbc.co.uk
192.168.1.102	www.bbc.co.uk
192.168.1.107	gdb.polygraph.info
192.168.1.107	gdb.polygraph.info
192.168.1.102	www.bbc.co.uk
192.168.1.102	www.bbc.co.uk
192.168.1.102	www.bbc.co.uk
192.168.1.102	www.bbc.co.uk
192.168.1.107	www.polygraph.info
192.168.1.107	www.polygraph.info
192.168.1.102	www.bbc.co.uk
192.168.1.102	www.bbc.co.uk
192.168.1.102	www.bbc.co.uk
192.168.1.102	www.bbc.co.uk
192.168.1.102	www.bbc.co.uk
192.168.1.102	www.bbc.co.uk
192.168.1.102	www.bbc.co.uk
192.168.1.102	www.bbc.co.uk
192.168.1.102	www.bbc.co.uk
192.168.1.102	www.bbc.co.uk
192.168.1.102	www.bbc.co.uk
192.168.1.102	www.bbc.co.uk
192.168.1.102	www.bbc.co.uk
192.168.1.102	www.bbc.co.uk
192.168.1.102	www.bbc.co.uk
192.168.1.102	www.bbc.co.uk
192.168.1.102	www.bbc.co.uk
192.168.1.102	www.bbc.co.uk
192.168.1.102	www.bbc.co.uk
192.168.1.102	www.bbc.co.uk
192.168.1.108	www.theverge.com
192.168.1.108	www.theverge.com
192.168.1.102	www.bbc.co.uk
192.168.1.102	www.bbc.co.uk
192.168.1.102	www.bbc.co.uk
192.168.1.102	www.bbc.co.uk
192.168.1.102	www.bbc.co.uk
192.168.1.102	www.bbc.co.uk
192.168.1.102	www.bbc.co.uk
192.168.1.102	www.bbc.co.uk
192.168.1.108	stackexchange.com
192.168.1.108	stackexchange.com
192.168.1.102	www.bbc.co.uk
192.168.1.102	www.bbc.co.uk
192.168.1.102	www.bbc.co.uk
192.168.1.102	www.bbc.co.uk
192.168.1.107	www.marktplaats.nl
192.168.1.107	www.marktplaats.nl
192.168.1.102	www.bbc.co.uk
192.168.1.102	www.bbc.co.uk
192.168.1.102	www.bbc.co.uk
192.168.1.102	www.bbc.co.uk
192.168.1.108	www.stackoverflow.com
192.168.1.108	www.stackoverflow.com
192.168.1.108	stackoverflow.com
192.168.1.108	stackoverflow.com
192.168.1.102	www.bbc.co.uk
192.168.1.102	www.bbc.co.uk
192.168.1.102	www.bbc.co.uk
192.168.1.102	www.bbc.co.uk
192.168.1.107	www.marktplaats.nl
192.168.1.107	www.marktplaats.nl
192.168.1.102	paaaggaa.maliciousdns.com
192.168.1.102	www.bbc.co.uk
192.168.1.102	www.bbc.co.uk
192.168.1.102	www.bbc.co.uk
192.168.1.102	www.bbc.co.uk
192.168.1.102	www.macrumors.com
192.168.1.102	www.macrumors.com
192.168.1.102	scifi.meta.stackexchange.com
192.168.1.102	scifi.meta.stackexchange.com
192.168.1.102	www.idahostatesman.com
192.168.1.102	www.idahostatesman.com
192.168.1.108	www.thedarkweblinks.com
192.168.1.108	www.thedarkweblinks.com
192.168.1.102	www.bbc.co.uk
192.168.1.102	www.bbc.co.uk
192.168.1.102	www.bbc.co.uk
192.168.1.102	www.bbc.co.uk
192.168.1.102	www.bbc.co.uk
192.168.1.102	www.bbc.co.uk
192.168.1.102	www.bbc.co.uk
192.168.1.102	www.bbc.co.uk
192.168.1.102	www.bbc.co.uk
192.168.1.102	www.bbc.co.uk
192.168.1.102	www.bbc.co.uk
192.168.1.102	www.bbc.co.uk
192.168.1.102	www.bbc.co.uk
192.168.1.102	www.bbc.co.uk
192.168.1.102	www.bbc.co.uk
192.168.1.102	www.bbc.co.uk
192.168.1.102	www.bbc.co.uk
192.168.1.102	www.bbc.co.uk
192.168.1.102	www.bbc.co.uk
192.168.1.102	www.bbc.co.uk
192.168.1.102	www.bbc.co.uk
192.168.1.102	www.bbc.co.uk
192.168.1.102	www.bbc.co.uk
192.168.1.102	www.bbc.co.uk
192.168.1.102	www.bbc.co.uk
192.168.1.102	www.bbc.co.uk
192.168.1.108	www.theguardian.com
192.168.1.108	www.theguardian.com
192.168.1.102	www.bbc.co.uk
192.168.1.102	www.bbc.co.uk
192.168.1.102	www.bbc.co.uk
192.168.1.102	www.bbc.co.uk
192.168.1.107	www.theguardian.com
192.168.1.107	www.theguardian.com
192.168.1.102	www.bbc.co.uk
192.168.1.102	www.bbc.co.uk
192.168.1.102	paaaggai.maliciousdns.com
192.168.1.102	www.bbc.co.uk
192.168.1.102	www.bbc.co.uk
192.168.1.102	www.bbc.co.uk
192.168.1.102	www.bbc.co.uk
192.168.1.102	www.bbc.co.uk
192.168.1.102	www.bbc.co.uk
192.168.1.102	www.bbc.co.uk
192.168.1.102	www.bbc.co.uk
192.168.1.102	www.bbc.co.uk
192.168.1.102	www.bbc.co.uk
192.168.1.102	www.bbc.co.uk
192.168.1.102	www.bbc.co.uk
192.168.1.102	www.bbc.co.uk
192.168.1.102	www.bbc.co.uk
192.168.1.102	www.bbc.co.uk
192.168.1.102	www.bbc.co.uk
192.168.1.102	www.bbc.co.uk
192.168.1.102	www.bbc.co.uk
192.168.1.102	www.bbc.co.uk
192.168.1.102	www.bbc.co.uk
192.168.1.102	www.bbc.co.uk
192.168.1.102	www.bbc.co.uk
192.168.1.102	www.bbc.co.uk
192.168.1.102	www.bbc.co.uk
192.168.1.102	www.bbc.co.uk
192.168.1.102	www.bbc.co.uk
192.168.1.102	www.bbc.co.uk
192.168.1.102	www.bbc.co.uk
192.168.1.102	www.bbc.co.uk
192.168.1.102	www.bbc.co.uk
192.168.1.102	www.bbc.co.uk
192.168.1.102	www.bbc.co.uk
192.168.1.102	www.bbc.co.uk
192.168.1.102	www.bbc.co.uk
192.168.1.102	www.bbc.co.uk
192.168.1.102	www.bbc.co.uk
192.168.1.102	www.bbc.co.uk
192.168.1.102	www.bbc.co.uk
192.168.1.102	www.bbc.co.uk
192.168.1.102	www.bbc.co.uk
192.168.1.102	www.bbc.co.uk
192.168.1.102	www.bbc.co.uk
192.168.1.102	www.bbc.co.uk
192.168.1.102	www.bbc.co.uk
192.168.1.102	www.bbc.co.uk
192.168.1.102	www.bbc.co.uk
192.168.1.102	www.bbc.co.uk
192.168.1.102	www.bbc.co.uk
192.168.1.102	www.bbc.co.uk
192.168.1.102	www.bbc.co.uk
192.168.1.102	www.bbc.co.uk
192.168.1.102	www.bbc.co.uk
192.168.1.102	www.bbc.co.uk
192.168.1.102	www.bbc.co.uk
192.168.1.102	paaaggaq.maliciousdns.com
192.168.1.102	www.bbc.co.uk
192.168.1.102	www.bbc.co.uk
192.168.1.102	www.bbc.co.uk
192.168.1.102	www.bbc.co.uk
192.168.1.102	www.bbc.co.uk
192.168.1.102	www.bbc.co.uk
192.168.1.102	www.bbc.co.uk
192.168.1.102	www.bbc.co.uk
192.168.1.102	www.bbc.co.uk
192.168.1.102	www.bbc.co.uk
192.168.1.102	www.bbc.co.uk
192.168.1.102	www.bbc.co.uk
192.168.1.107	www.nuadverteren.nl
192.168.1.107	www.nuadverteren.nl
192.168.1.102	www.bbc.co.uk
192.168.1.102	www.bbc.co.uk
192.168.1.102	www.bbc.co.uk
192.168.1.102	www.bbc.co.uk
192.168.1.102	www.bbc.co.uk
192.168.1.102	www.bbc.co.uk
192.168.1.102	www.bbc.co.uk
192.168.1.102	www.bbc.co.uk
192.168.1.102	www.bbc.co.uk
192.168.1.102	www.bbc.co.uk
192.168.1.102	www.bbc.co.uk
192.168.1.102	www.bbc.co.uk
192.168.1.102	www.bbc.co.uk
192.168.1.102	www.bbc.co.uk
192.168.1.102	www.bbc.co.uk
192.168.1.102	www.bbc.co.uk
192.168.1.102	www.bbc.co.uk
192.168.1.102	www.bbc.co.uk
192.168.1.102	www.bbc.co.uk
192.168.1.102	www.bbc.co.uk
192.168.1.102	www.bbc.co.uk
192.168.1.102	www.bbc.co.uk
192.168.1.102	www.bbc.co.uk
192.168.1.102	www.bbc.co.uk
192.168.1.102	www.bbc.co.uk
192.168.1.102	www.bbc.co.uk
192.168.1.102	www.bbc.co.uk
192.168.1.102	www.bbc.co.uk
192.168.1.102	www.bbc.co.uk
192.168.1.102	www.bbc.co.uk
192.168.1.107	link.marktplaats.nl
192.168.1.107	link.marktplaats.nl
192.168.1.102	www.bbc.co.uk
192.168.1.102	www.bbc.co.uk
192.168.1.107	www.marktplaats.nl
192.168.1.107	www.marktplaats.nl
192.168.1.102	www.bbc.co.uk
192.168.1.102	www.bbc.co.uk
192.168.1.102	www.bbc.co.uk
192.168.1.102	www.bbc.co.uk
192.168.1.102	www.bbc.co.uk
192.168.1.102	www.bbc.co.uk
192.168.1.102	www.bbc.co.uk
192.168.1.102	www.bbc.co.uk
192.168.1.102	www.bbc.co.uk
192.168.1.102	www.bbc.co.uk
192.168.1.102	www.bbc.co.uk
192.168.1.102	www.bbc.co.uk
192.168.1.102	www.bbc.co.uk
192.168.1.102	www.bbc.co.uk
192.168.1.102	paaaggay.maliciousdns.com
192.168.1.102	www.bbc.co.uk
192.168.1.102	www.bbc.co.uk
192.168.1.102	www.bbc.co.uk
192.168.1.102	www.bbc.co.uk
192.168.1.102	www.bbc.co.uk
192.168.1.102	www.bbc.co.uk
192.168.1.102	www.bbc.co.uk
192.168.1.102	www.bbc.co.uk
192.168.1.102	www.craigslist.org
192.168.1.102	www.craigslist.org
192.168.1.102	www.bbc.co.uk
192.168.1.102	www.bbc.co.uk
192.168.1.102	www.bbc.co.uk
192.168.1.102	www.bbc.co.uk
192.168.1.102	www.bbc.co.uk
192.168.1.102	www.bbc.co.uk
192.168.1.102	www.bbc.co.uk
192.168.1.102	www.bbc.co.uk
192.168.1.102	www.bbc.co.uk
192.168.1.102	www.bbc.co.uk
192.168.1.102	www.bbc.co.uk
192.168.1.102	www.bbc.co.uk
192.168.1.102	www.bbc.co.uk
192.168.1.102	www.bbc.co.uk
192.168.1.102	www.bbc.co.uk
192.168.1.102	www.bbc.co.uk
192.168.1.102	www.bbc.co.uk
192.168.1.102	www.bbc.co.uk
192.168.1.102	www.bbc.co.uk
192.168.1.102	www.bbc.co.uk
192.168.1.102	www.bbc.co.uk
192.168.1.102	www.bbc.co.uk
192.168.1.102	www.bbc.co.uk
192.168.1.102	www.bbc.co.uk
192.168.1.102	www.bbc.co.uk
192.168.1.102	www.bbc.co.uk
192.168.1.102	www.bbc.co.uk
192.168.1.102	www.bbc.co.uk
192.168.1.102	www.bbc.co.uk
192.168.1.102	www.bbc.co.uk
192.168.1.102	www.bbc.co.uk
192.168.1.102	www.bbc.co.uk
192.168.1.102	www.bbc.co.uk
192.168.1.102	www.bbc.co.uk
192.168.1.102	www.bbc.co.uk
192.168.1.102	www.bbc.co.uk
192.168.1.102	www.bbc.co.uk
192.168.1.102	www.bbc.co.uk
192.168.1.102	www.bbc.co.uk
192.168.1.102	www.bbc.co.uk
192.168.1.102	paaaggba.maliciousdns.com
192.168.1.102	www.bbc.co.uk
192.168.1.102	www.bbc.co.uk
192.168.1.102	www.bbc.co.uk
192.168.1.102	www.bbc.co.uk
192.168.1.102	www.bbc.co.uk
192.168.1.102	www.bbc.co.uk
192.168.1.102	www.bbc.co.uk
192.168.1.102	www.bbc.co.uk
192.168.1.102	www.bbc.co.uk
192.168.1.102	www.bbc.co.uk
192.168.1.102	www.bbc.co.uk
192.168.1.102	www.bbc.co.uk
192.168.1.108	www.theguardian.com
192.168.1.108	www.theguardian.com
192.168.1.102	www.bbc.co.uk
192.168.1.102	www.bbc.co.uk
192.168.1.102	www.bbc.co.uk
192.168.1.102	www.bbc.co.uk
192.168.1.107	content.jwplatform.com
192.168.1.107	content.jwplatform.com
192.168.1.102	www.bbc.co.uk
192.168.1.102	www.bbc.co.uk
192.168.1.102	www.bbc.co.uk
192.168.1.102	www.bbc.co.uk
192.168.1.107	www.nu.nl
192.168.1.107	www.nu.nl
192.168.1.102	www.bbc.co.uk
192.168.1.102	www.bbc.co.uk
192.168.1.102	www.bbc.co.uk
192.168.1.102	www.bbc.co.uk
192.168.1.102	www.bbc.co.uk
192.168.1.102	www.bbc.co.uk
192.168.1.102	www.bbc.co.uk
192.168.1.102	www.bbc.co.uk
192.168.1.102	www.bbc.co.uk
192.168.1.102	www.bbc.co.uk
192.168.1.107	www.theguardian.com
192.168.1.107	www.theguardian.com
192.168.1.102	www.bbc.co.uk
192.168.1.102	www.bbc.co.uk
192.168.1.102	www.bbc.co.uk
192.168.1.102	www.bbc.co.uk
192.168.1.102	www.bbc.co.uk
192.168.1.102	www.bbc.co.uk
192.168.1.102	www.bbc.co.uk
192.168.1.102	www.bbc.co.uk
192.168.1.102	www.bbc.co.uk
192.168.1.102	www.bbc.co.uk
192.168.1.102	www.bbc.co.uk
192.168.1.102	www.bbc.co.uk
192.168.1.102	www.bbc.co.uk
192.168.1.102	www.bbc.co.uk
192.168.1.102	www.bbc.co.uk
192.168.1.102	www.bbc.co.uk
192.168.1.102	www.bbc.co.uk
192.168.1.102	www.bbc.co.uk
192.168.1.102	www.bbc.co.uk
192.168.1.102	www.bbc.co.uk
192.168.1.102	www.bbc.co.uk
192.168.1.102	www.bbc.co.uk
192.168.1.102	www.bbc.co.uk
192.168.1.102	www.bbc.co.uk
192.168.1.102	www.bbc.co.uk
192.168.1.102	www.bbc.co.uk
192.168.1.102	paaaggbi.maliciousdns.com
192.168.1.102	www.bbc.co.uk
192.168.1.102	www.bbc.co.uk
192.168.1.102	www.bbc.co.uk
192.168.1.102	www.bbc.co.uk
192.168.1.102	www.bbc.co.uk
192.168.1.102	www.bbc.co.uk
192.168.1.102	www.bbc.co.uk
192.168.1.102	www.bbc.co.uk
192.168.1.102	www.bbc.co.uk
192.168.1.102	www.bbc.co.uk
192.168.1.102	www.bbc.co.uk
192.168.1.102	www.bbc.co.uk
192.168.1.102	www.bbc.co.uk
192.168.1.102	www.bbc.co.uk
192.168.1.108	stackoverflow.com
192.168.1.108	stackoverflow.com
192.168.1.102	www.bbc.co.uk
192.168.1.102	www.bbc.co.uk
192.168.1.102	www.bbc.co.uk
192.168.1.102	www.bbc.co.uk
192.168.1.102	www.bbc.co.uk
192.168.1.102	www.bbc.co.uk
192.168.1.102	www.bbc.co.uk
192.168.1.102	www.bbc.co.uk
192.168.1.102	www.bbc.co.uk
192.168.1.102	www.bbc.co.uk
192.168.1.108	arstechnica.com
192.168.1.108	arstechnica.com
192.168.1.102	www.bbc.co.uk
192.168.1.102	www.bbc.co.uk
192.168.1.102	www.bbc.co.uk
192.168.1.102	www.bbc.co.uk
192.168.1.102	www.bbc.co.uk
192.168.1.102	www.bbc.co.uk
192.168.1.102	www.bbc.co.uk
192.168.1.102	www.bbc.co.uk
192.168.1.102	www.bbc.co.uk
192.168.1.102	www.bbc.co.uk
192.168.1.102	www.bbc.co.uk
192.168.1.102	www.bbc.co.uk
192.168.1.102	www.bbc.co.uk
192.168.1.102	www.bbc.co.uk
192.168.1.102	www.bbc.co.uk
192.168.1.102	www.bbc.co.uk
192.168.1.102	www.bbc.co.uk
192.168.1.102	www.bbc.co.uk
192.168.1.102	www.bbc.co.uk
192.168.1.102	www.bbc.co.uk
192.168.1.102	www.bbc.co.uk
192.168.1.102	www.bbc.co.uk
192.168.1.102	www.bbc.co.uk
192.168.1.102	www.bbc.co.uk
192.168.1.102	www.bbc.co.uk
192.168.1.102	www.bbc.co.uk
192.168.1.102	www.bbc.co.uk
192.168.1.102	www.bbc.co.uk
192.168.1.102	www.bbc.co.uk
192.168.1.102	www.bbc.co.uk
192.168.1.102	www.bbc.co.uk
192.168.1.102	www.bbc.co.uk
192.168.1.102	paaaggbq.maliciousdns.com
192.168.1.102	www.bbc.co.uk
192.168.1.102	www.bbc.co.uk
192.168.1.102	www.bbc.co.uk
192.168.1.102	www.bbc.co.uk
192.168.1.102	www.bbc.co.uk
192.168.1.102	www.bbc.co.uk
192.168.1.102	www.bbc.co.uk
192.168.1.102	www.bbc.co.uk
192.168.1.102	www.bbc.co.uk
192.168.1.102	www.bbc.co.uk
192.168.1.102	www.bbc.co.uk
192.168.1.102	www.bbc.co.uk
192.168.1.102	www.bbc.co.uk
192.168.1.102	www.bbc.co.uk
192.168.1.102	www.bbc.co.uk
192.168.1.102	www.bbc.co.uk
192.168.1.102	www.bbc.co.uk
192.168.1.102	www.bbc.co.uk
192.168.1.102	www.bbc.co.uk
192.168.1.102	www.bbc.co.uk
192.168.1.102	www.bbc.co.uk
192.168.1.102	www.bbc.co.uk
192.168.1.102	www.bbc.co.uk
192.168.1.102	www.bbc.co.uk
192.168.1.102	www.bbc.co.uk
192.168.1.102	www.bbc.co.uk
192.168.1.102	www.bbc.co.uk
192.168.1.102	www.bbc.co.uk
192.168.1.102	www.bbc.co.uk
192.168.1.102	www.bbc.co.uk
192.168.1.102	www.bbc.co.uk
192.168.1.102	www.bbc.co.uk
192.168.1.102	www.bbc.co.uk
192.168.1.102	www.bbc.co.uk
192.168.1.102	www.bbc.co.uk
192.168.1.102	www.bbc.co.uk
192.168.1.102	www.bbc.co.uk
192.168.1.102	www.bbc.co.uk
192.168.1.102	www.bbc.co.uk
192.168.1.102	www.bbc.co.uk
192.168.1.102	www.bbc.co.uk
192.168.1.102	www.bbc.co.uk
192.168.1.102	www.bbc.co.uk
192.168.1.102	www.bbc.co.uk
192.168.1.102	www.bbc.co.uk
192.168.1.102	www.bbc.co.uk
192.168.1.102	www.bbc.co.uk
192.168.1.102	www.bbc.co.uk
192.168.1.102	www.bbc.co.uk
192.168.1.102	www.bbc.co.uk
192.168.1.102	www.bbc.co.uk
192.168.1.102	www.bbc.co.uk
192.168.1.108	www.theguardian.com
192.168.1.108	www.theguardian.com
192.168.1.102	www.bbc.co.uk
192.168.1.102	www.bbc.co.uk
192.168.1.102	www.bbc.co.uk
192.168.1.102	www.bbc.co.uk
192.168.1.102	paaaggby.maliciousdns.com
192.168.1.102	www.bbc.co.uk
192.168.1.102	www.bbc.co.uk
192.168.1.102	www.bbc.co.uk
192.168.1.102	www.bbc.co.uk
192.168.1.102	www.bbc.co.uk
192.168.1.102	www.bbc.co.uk
192.168.1.102	www.bbc.co.uk
192.168.1.102	www.bbc.co.uk
192.168.1.102	www.bbc.co.uk
192.168.1.102	www.bbc.co.uk
192.168.1.102	www.bbc.co.uk
192.168.1.102	www.bbc.co.uk
192.168.1.107	www.macrumors.com
192.168.1.107	www.macrumors.com
192.168.1.102	www.bbc.co.uk
192.168.1.102	www.bbc.co.uk
192.168.1.102	www.bbc.co.uk
192.168.1.102	www.bbc.co.uk
192.168.1.102	www.bbc.co.uk
192.168.1.102	www.bbc.co.uk
192.168.1.102	www.bbc.co.uk
192.168.1.102	www.bbc.co.uk
192.168.1.102	www.bbc.co.uk
192.168.1.102	www.bbc.co.uk
192.168.1.102	www.bbc.co.uk
192.168.1.102	www.bbc.co.uk
192.168.1.102	www.bbc.co.uk
192.168.1.102	www.bbc.co.uk
192.168.1.102	www.bbc.co.uk
192.168.1.102	www.bbc.co.uk
192.168.1.102	www.bbc.co.uk
192.168.1.102	www.bbc.co.uk
192.168.1.102	www.bbc.co.uk
192.168.1.102	www.bbc.co.uk
192.168.1.102	www.idahostatesman.com
192.168.1.102	www.idahostatesman.com
192.168.1.102	www.theguardian.com
192.168.1.102	www.theguardian.com
192.168.1.102	stackoverflowbusiness.com
192.168.1.102	stackoverflowbusiness.com
192.168.1.108	www.sheknows.com
192.168.1.108	www.sheknows.com
192.168.1.102	www.stackoverflowbusiness.com
192.168.1.102	www.stackoverflowbusiness.com
192.168.1.102	www.stackoverflowbusiness.com.localdomain
192.168.1.102	www.stackoverflowbusiness.com.localdomain
192.168.1.102	scifi.meta.stackexchange.com
192.168.1.102	scifi.meta.stackexchange.com
192.168.1.102	www.macrumors.com
192.168.1.102	www.macrumors.com
192.168.1.102	paaaggca.maliciousdns.com
192.168.1.107	www.theverge.com
192.168.1.107	www.theverge.com
192.168.1.102	www.bbc.co.uk
192.168.1.102	www.bbc.co.uk
192.168.1.102	www.bbc.co.uk
192.168.1.102	www.bbc.co.uk
192.168.1.102	www.bbc.co.uk
192.168.1.102	www.bbc.co.uk
192.168.1.102	www.bbc.co.uk
192.168.1.102	www.bbc.co.uk
192.168.1.102	www.bbc.co.uk
192.168.1.102	www.bbc.co.uk
192.168.1.102	www.bbc.co.uk
192.168.1.102	www.bbc.co.uk
192.168.1.102	www.bbc.co.uk
192.168.1.102	www.bbc.co.uk
192.168.1.102	www.bbc.co.uk
192.168.1.102	www.bbc.co.uk
192.168.1.102	www.bbc.co.uk
192.168.1.102	www.bbc.co.uk
192.168.1.102	www.bbc.co.uk
192.168.1.102	www.bbc.co.uk
192.168.1.102	www.bbc.co.uk
192.168.1.102	www.bbc.co.uk
192.168.1.102	www.bbc.co.uk
192.168.1.102	www.bbc.co.uk
192.168.1.107	www.nuadverteren.nl
192.168.1.107	www.nuadverteren.nl
192.168.1.102	www.bbc.co.uk
192.168.1.102	www.bbc.co.uk
192.168.1.102	www.bbc.co.uk
192.168.1.102	www.bbc.co.uk
192.168.1.102	www.bbc.co.uk
192.168.1.102	www.bbc.co.uk
192.168.1.102	www.bbc.co.uk
192.168.1.102	www.bbc.co.uk
192.168.1.107	www.marktplaats.nl
192.168.1.107	www.marktplaats.nl
192.168.1.102	www.bbc.co.uk
192.168.1.102	www.bbc.co.uk
192.168.1.102	www.bbc.co.uk
192.168.1.102	www.bbc.co.uk
192.168.1.102	www.bbc.co.uk
192.168.1.102	www.bbc.co.uk
192.168.1.102	www.bbc.co.uk
192.168.1.102	www.bbc.co.uk
192.168.1.108	www.theverge.com
192.168.1.108	www.theverge.com
192.168.1.102	www.bbc.co.uk
192.168.1.102	www.bbc.co.uk
192.168.1.102	www.bbc.co.uk
192.168.1.102	www.bbc.co.uk
192.168.1.102	www.bbc.co.uk
192.168.1.102	www.bbc.co.uk
192.168.1.102	www.bbc.co.uk
192.168.1.102	www.bbc.co.uk
192.168.1.102	paaaggci.maliciousdns.com
192.168.1.102	www.bbc.co.uk
192.168.1.102	www.bbc.co.uk
192.168.1.102	www.bbc.co.uk
192.168.1.102	www.bbc.co.uk
192.168.1.102	www.bbc.co.uk
192.168.1.102	www.bbc.co.uk
192.168.1.102	www.bbc.co.uk
192.168.1.102	www.bbc.co.uk
192.168.1.102	www.bbc.co.uk
192.168.1.102	www.bbc.co.uk
192.168.1.102	www.bbc.co.uk
192.168.1.102	www.bbc.co.uk
192.168.1.102	www.bbc.co.uk
192.168.1.102	www.bbc.co.uk
192.168.1.102	www.bbc.co.uk
192.168.1.102	www.bbc.co.uk
192.168.1.102	www.bbc.co.uk
192.168.1.102	www.bbc.co.uk
192.168.1.102	www.bbc.co.uk
192.168.1.102	www.bbc.co.uk
192.168.1.102	www.bbc.co.uk
192.168.1.102	www.bbc.co.uk
192.168.1.109	speed.hetzner.de
192.168.1.109	speed.hetzner.de
192.168.1.102	www.bbc.co.uk
192.168.1.102	www.bbc.co.uk
192.168.1.102	www.bbc.co.uk
192.168.1.102	www.bbc.co.uk
192.168.1.102	www.bbc.co.uk
192.168.1.102	www.bbc.co.uk
192.168.1.102	www.bbc.co.uk
192.168.1.102	www.bbc.co.uk
192.168.1.102	www.bbc.co.uk
192.168.1.102	www.bbc.co.uk
192.168.1.102	www.bbc.co.uk
192.168.1.102	www.bbc.co.uk
192.168.1.102	www.bbc.co.uk
192.168.1.102	www.bbc.co.uk
192.168.1.102	www.bbc.co.uk
192.168.1.102	www.bbc.co.uk
192.168.1.102	www.bbc.co.uk
192.168.1.102	www.bbc.co.uk
192.168.1.102	www.bbc.co.uk
192.168.1.102	www.bbc.co.uk
192.168.1.102	www.bbc.co.uk
192.168.1.102	www.bbc.co.uk
192.168.1.102	www.bbc.co.uk
192.168.1.102	www.bbc.co.uk
192.168.1.102	www.bbc.co.uk
192.168.1.102	www.bbc.co.uk
192.168.1.102	www.bbc.co.uk
192.168.1.102	www.bbc.co.uk
192.168.1.102	www.bbc.co.uk
192.168.1.102	www.bbc.co.uk
192.168.1.102	www.bbc.co.uk
192.168.1.102	www.bbc.co.uk
192.168.1.102	paaaggcq.maliciousdns.com
192.168.1.102	www.bbc.co.uk
192.168.1.102	www.bbc.co.uk
192.168.1.102	www.bbc.co.uk
192.168.1.102	www.bbc.co.uk
192.168.1.102	www.bbc.co.uk
192.168.1.102	www.bbc.co.uk
192.168.1.107	gdb.polygraph.info
192.168.1.107	gdb.polygraph.info
192.168.1.102	www.bbc.co.uk
192.168.1.102	www.bbc.co.uk
192.168.1.107	www.polygraph.info
192.168.1.107	www.polygraph.info
192.168.1.102	www.bbc.co.uk
192.168.1.102	www.bbc.co.uk
192.168.1.102	www.bbc.co.uk
192.168.1.102	www.bbc.co.uk
192.168.1.102	www.bbc.co.uk
192.168.1.102	www.bbc.co.uk
192.168.1.102	www.bbc.co.uk
192.168.1.102	www.bbc.co.uk
192.168.1.102	www.bbc.co.uk
192.168.1.102	www.bbc.co.uk
192.168.1.102	www.bbc.co.uk
192.168.1.102	www.bbc.co.uk
192.168.1.102	www.bbc.co.uk
192.168.1.102	www.bbc.co.uk
192.168.1.102	www.bbc.co.uk
192.168.1.102	www.bbc.co.uk
192.168.1.102	www.bbc.co.uk
192.168.1.102	www.bbc.co.uk
192.168.1.102	www.bbc.co.uk
192.168.1.102	www.bbc.co.uk
192.168.1.102	www.bbc.co.uk
192.168.1.102	www.bbc.co.uk
192.168.1.108	www.thedarkweblinks.com
192.168.1.108	www.thedarkweblinks.com
192.168.1.102	www.bbc.co.uk
192.168.1.102	www.bbc.co.uk
192.168.1.102	www.bbc.co.uk
192.168.1.102	www.bbc.co.uk
192.168.1.107	www.nuadverteren.nl
192.168.1.107	www.nuadverteren.nl
192.168.1.102	www.bbc.co.uk
192.168.1.102	www.bbc.co.uk
192.168.1.102	www.bbc.co.uk
192.168.1.102	www.bbc.co.uk
192.168.1.102	www.bbc.co.uk
192.168.1.102	www.bbc.co.uk
192.168.1.102	www.bbc.co.uk
192.168.1.102	www.bbc.co.uk
192.168.1.102	www.bbc.co.uk
192.168.1.102	www.bbc.co.uk
192.168.1.108	www.outbrain.com
192.168.1.108	www.outbrain.com
192.168.1.108	www.outbrain.com.localdomain
192.168.1.108	www.outbrain.com.localdomain
192.168.1.108	arstechnica.com
192.168.1.108	arstechnica.com
192.168.1.102	www.bbc.co.uk
192.168.1.102	paaaggcy.maliciousdns.com
192.168.1.102	www.bbc.co.uk
192.168.1.102	www.bbc.co.uk
192.168.1.102	www.bbc.co.uk
192.168.1.102	www.bbc.co.uk
192.168.1.102	www.bbc.co.uk
192.168.1.102	www.bbc.co.uk
192.168.1.102	www.bbc.co.uk
192.168.1.102	www.bbc.co.uk
192.168.1.102	www.bbc.co.uk
192.168.1.108	www.sheknows.com
192.168.1.108	www.sheknows.com
192.168.1.102	www.bbc.co.uk
192.168.1.102	www.bbc.co.uk
192.168.1.102	www.bbc.co.uk
192.168.1.102	www.bbc.co.uk
192.168.1.102	www.bbc.co.uk
192.168.1.102	www.bbc.co.uk
192.168.1.102	www.bbc.co.uk
192.168.1.102	www.bbc.co.uk
192.168.1.102	www.bbc.co.uk
192.168.1.102	www.bbc.co.uk
192.168.1.102	www.bbc.co.uk
192.168.1.102	www.bbc.co.uk
192.168.1.102	www.bbc.co.uk
192.168.1.102	www.bbc.co.uk
192.168.1.102	www.bbc.co.uk
192.168.1.102	www.bbc.co.uk
192.168.1.102	www.bbc.co.uk
192.168.1.102	www.bbc.co.uk
192.168.1.102	www.bbc.co.uk
192.168.1.102	www.bbc.co.uk
192.168.1.102	www.bbc.co.uk
192.168.1.102	www.bbc.co.uk
192.168.1.102	www.bbc.co.uk
192.168.1.102	www.bbc.co.uk
192.168.1.102	www.bbc.co.uk
192.168.1.102	www.bbc.co.uk
192.168.1.102	www.bbc.co.uk
192.168.1.102	www.bbc.co.uk
192.168.1.102	www.bbc.co.uk
192.168.1.102	www.bbc.co.uk
192.168.1.102	www.bbc.co.uk
192.168.1.102	www.bbc.co.uk
192.168.1.100	blocklists.settings.services.mozilla.com
192.168.1.100	blocklists.settings.services.mozilla.com
192.168.1.102	www.bbc.co.uk
192.168.1.102	www.bbc.co.uk
192.168.1.102	www.bbc.co.uk
192.168.1.102	www.bbc.co.uk
192.168.1.102	paaaggda.maliciousdns.com
192.168.1.100	ocsp.digicert.com
192.168.1.100	ocsp.digicert.com
192.168.1.100	ocsp.digicert.com
192.168.1.100	ocsp.digicert.com
192.168.1.102	www.bbc.co.uk
192.168.1.102	www.bbc.co.uk
192.168.1.107	www.marktplaats.nl
192.168.1.107	www.marktplaats.nl
192.168.1.102	www.bbc.co.uk
192.168.1.102	www.bbc.co.uk
192.168.1.102	www.bbc.co.uk
192.168.1.102	www.bbc.co.uk
192.168.1.102	www.bbc.co.uk
192.168.1.102	www.bbc.co.uk
192.168.1.102	www.bbc.co.uk
192.168.1.102	www.bbc.co.uk
192.168.1.107	www.theguardian.com
192.168.1.107	www.theguardian.com
192.168.1.102	www.bbc.co.uk
192.168.1.102	www.bbc.co.uk
192.168.1.102	www.bbc.co.uk
192.168.1.102	www.bbc.co.uk
192.168.1.102	www.bbc.co.uk
192.168.1.102	www.bbc.co.uk
192.168.1.108	www.theguardian.com
192.168.1.108	www.theguardian.com
192.168.1.102	www.bbc.co.uk
192.168.1.102	www.bbc.co.uk
192.168.1.107	www.theverge.com
192.168.1.107	www.theverge.com
192.168.1.102	www.bbc.co.uk
192.168.1.102	www.bbc.co.uk
192.168.1.102	www.bbc.co.uk
192.168.1.102	www.bbc.co.uk
192.168.1.102	www.bbc.co.uk
192.168.1.102	www.bbc.co.uk
192.168.1.102	www.bbc.co.uk
192.168.1.102	www.bbc.co.uk
192.168.1.102	www.bbc.co.uk
192.168.1.102	www.bbc.co.uk
192.168.1.107	www.nu.nl
192.168.1.107	www.nu.nl
192.168.1.102	www.bbc.co.uk
192.168.1.102	www.bbc.co.uk
192.168.1.102	www.bbc.co.uk
192.168.1.102	www.bbc.co.uk
192.168.1.102	www.bbc.co.uk
192.168.1.102	www.bbc.co.uk
192.168.1.102	www.bbc.co.uk
192.168.1.102	www.bbc.co.uk
192.168.1.102	www.bbc.co.uk
192.168.1.102	www.bbc.co.uk
192.168.1.102	www.bbc.co.uk
192.168.1.102	www.bbc.co.uk
192.168.1.102	www.bbc.co.uk
192.168.1.102	www.bbc.co.uk
192.168.1.102	www.bbc.co.uk
192.168.1.102	www.bbc.co.uk
192.168.1.102	www.bbc.co.uk
192.168.1.102	www.bbc.co.uk
192.168.1.102	www.bbc.co.uk
192.168.1.102	www.bbc.co.uk
192.168.1.102	paaaggdi.maliciousdns.com
192.168.1.102	www.bbc.co.uk
192.168.1.102	www.bbc.co.uk
192.168.1.102	www.bbc.co.uk
192.168.1.102	www.bbc.co.uk
192.168.1.102	www.bbc.co.uk
192.168.1.102	www.bbc.co.uk
192.168.1.102	www.bbc.co.uk
192.168.1.102	www.bbc.co.uk
192.168.1.102	www.bbc.co.uk
192.168.1.102	www.bbc.co.uk
192.168.1.102	www.bbc.co.uk
192.168.1.102	www.bbc.co.uk
192.168.1.102	www.bbc.co.uk
192.168.1.102	www.bbc.co.uk
192.168.1.102	www.bbc.co.uk
192.168.1.102	www.bbc.co.uk
192.168.1.102	www.bbc.co.uk
192.168.1.102	www.bbc.co.uk
192.168.1.102	www.bbc.co.uk
192.168.1.102	www.bbc.co.uk
192.168.1.102	www.bbc.co.uk
192.168.1.102	www.bbc.co.uk
192.168.1.102	www.bbc.co.uk
192.168.1.102	www.bbc.co.uk
192.168.1.102	www.bbc.co.uk
192.168.1.102	www.bbc.co.uk
192.168.1.102	www.bbc.co.uk
192.168.1.102	www.bbc.co.uk
192.168.1.102	www.bbc.co.uk
192.168.1.102	www.bbc.co.uk
192.168.1.102	www.bbc.co.uk
192.168.1.102	www.bbc.co.uk
192.168.1.102	www.bbc.co.uk
192.168.1.102	www.bbc.co.uk
192.168.1.102	www.bbc.co.uk
192.168.1.102	www.bbc.co.uk
192.168.1.102	www.bbc.co.uk
192.168.1.102	www.bbc.co.uk
192.168.1.102	www.bbc.co.uk
192.168.1.102	www.bbc.co.uk
192.168.1.102	www.bbc.co.uk
192.168.1.102	www.bbc.co.uk
192.168.1.102	www.bbc.co.uk
192.168.1.102	www.bbc.co.uk
192.168.1.102	www.bbc.co.uk
192.168.1.102	www.bbc.co.uk
192.168.1.102	www.bbc.co.uk
192.168.1.102	www.bbc.co.uk
192.168.1.102	paaaggdq.maliciousdns.com
192.168.1.102	www.bbc.co.uk
192.168.1.102	www.bbc.co.uk
192.168.1.102	www.bbc.co.uk
192.168.1.102	www.bbc.co.uk
192.168.1.102	www.bbc.co.uk
192.168.1.102	www.bbc.co.uk
192.168.1.102	www.bbc.co.uk
192.168.1.102	www.bbc.co.uk
192.168.1.102	www.bbc.co.uk
192.168.1.102	www.bbc.co.uk
192.168.1.102	www.bbc.co.uk
192.168.1.102	www.bbc.co.uk
192.168.1.102	www.bbc.co.uk
192.168.1.102	www.bbc.co.uk
192.168.1.102	www.bbc.co.uk
192.168.1.102	www.bbc.co.uk
192.168.1.102	www.bbc.co.uk
192.168.1.102	www.bbc.co.uk
192.168.1.102	www.bbc.co.uk
192.168.1.102	www.bbc.co.uk
192.168.1.102	www.bbc.co.uk
192.168.1.102	www.bbc.co.uk
192.168.1.102	www.bbc.co.uk
192.168.1.102	www.bbc.co.uk
192.168.1.108	www.theguardian.com
192.168.1.108	www.theguardian.com
192.168.1.102	www.bbc.co.uk
192.168.1.102	www.bbc.co.uk
192.168.1.102	www.bbc.co.uk
192.168.1.102	www.bbc.co.uk
192.168.1.102	www.bbc.co.uk
192.168.1.102	www.bbc.co.uk
192.168.1.108	www.theguardian.com
192.168.1.108	www.theguardian.com
192.168.1.102	www.bbc.co.uk
192.168.1.102	www.bbc.co.uk
192.168.1.102	www.bbc.co.uk
192.168.1.102	www.bbc.co.uk
192.168.1.108	www.thedarkweblinks.com
192.168.1.108	www.thedarkweblinks.com
192.168.1.102	www.bbc.co.uk
192.168.1.102	www.bbc.co.uk
